Workbook

Sheet 03-2026
A1: Gốc lãi vay (lãi đến hạn) | B1: 1231886 | C1: 16 | D1: 10 | F1: Ngày | G1: Nội dung | H1: Chi thấu chi tạm | I1: Hoàn thấu chi tạm | J1: Tồn | K1: Chi khác Nội dung | L1: Số tiền | M1: Thấu chi nợ Nội dung | N1: Số tiền
A2: Lãi thấu chi 600tr | H2: =Sum(H3:H8) -> -6901086 | I2: =Sum(I3:I5) -> 115000000 | J2: =I2+H2 -> 108098914 | K2: Tổng | L2: =sum(L3:L10) -> 0 | M2: Tổng | N2: =sum(N3:N10) -> 0
A3: Lãi thấu chi có ts | F3: 01/03/2026 | G3: Vợ ck | I3: 100000000 | J3: =I3+H3 -> 100000000
F4: 04/03/2026 | G4: Bảo hiểm thấu chi | H4: -4200000
F5: 04/03/2026 | G5: Thưởng KPI | I5: 15000000
A6: Chi khác | B6: =-L2 -> 0 | F6: 02/03/2026 | G6: Sữa | H6: -469200
B7: =B6+SUM(B1:B3) -> 1231886 | F7: 05/03/2026 | G7: Trả lãi thấu chi | H7: -1231886
A8: Từ vợ | F8: 05/03/2026 | G8: quà 8/3 cao học | H8: -1000000
A9: Từ trọ Xh | B9: 16000000
A10: Lương | B10: 19000000
A11: Thưởng
A12: Bà trả
A13: Chênh | B13: =SUM(B8:B12)-B7 -> 33768114
A14: Trả gốc vay | B14: 10000000 | C14: Gốc cần trả hàng tháng | D14: 19000000
A15: Trả thấu chi | B15: 6000000 | D15: =B13-B14-B15 -> 17768114
B16: Sau trả | C16: Đầu kỳ | D16: Dư nợ ban đầu (T10) | E16: Đã trả
A17: Vay | B17: =C17+B14 -> -4380083445 | C17: ='02-2026'!B17 -> -4390083445 | D17: -4500000000 | E17: =B17-D17 -> 119916555
A18: Thấu chi | B18: =C18+J2+N2+B15 -> -227060080 | C18: ='02-2026'!B18 -> -341158994 | D18: -172699995 | E18: =B18-D18 -> -54360085
A19: Tổng dư nợ | B19: =B17+B18 -> -4607143525 | D19: =D17+D18 -> -4672699995 | E19: =E17+E18 -> 65556470
A22: Lãi suất | B22: =4.7/100 -> 0.047 | C22: Ngày vay
A23: Bà vay | B23: 200000000 | C23: 45987
B24: 231513194 | C24: =B24+B18 -> 4453114

Sheet 02-2026
A1: Gốc lãi vay (lãi đến hạn) | B1: 17002254 | C1: 22 | D1: 11 | F1: Ngày | G1: Nội dung | H1: Chi thấu chi tạm | I1: Hoàn thấu chi tạm | J1: Tồn | K1: Chi khác Nội dung | L1: Số tiền | M1: Thấu chi nợ Nội dung | N1: Số tiền
A2: Lãi thấu chi 600tr | B2: 1563559 | H2: =Sum(H3:H120) -> -74615120 | I2: =Sum(I3:I19) -> 45300000 | J2: =I2+H2 -> -29315120 | K2: Tổng | L2: =SUM(L3:Z10) -> 0 | M2: Tổng | N2: =SUM(N3:N33) -> 0
A3: Lãi thấu chi có ts | F3: 01/02/2026 | G3: rằm | H3: -388000 | J3: =I3+H3 -> -388000
F4: 01/02/2026 | G4: sửa chữa trung tự | H4: -5880000 | J4: =I4+H4 -> -5880000
F5: 03/02/2026 | G5: Tiền mới | H5: -8800000
A6: Chi khác | B6: =-L2 -> 0 | F6: 04/02/2026 | G6: 200k mới | H6: -20000000
B7: =B6+SUM(B1:B3) -> 18565813 | F7: 04/02/2026 | G7: Hoàn tiền đổi lẻ | I7: 800000
A8: Từ vợ | B8: 14000000 | F8: 46064 | G8: Luận văn | H8: =-6500000-700000 -> -7200000
A9: Từ trọ Xh | F9: 46064 | G9: Ứng lương | I9: 13000000
A10: Lương | B10: 19000000 | F10: 46064 | G10: Rút tiền mặt | H10: -3500000
A11: Thưởng | B11: =18000000+1563559+10828125+6000000+50000000+5000000 -> 91391684 | F11: 46064 | G11: Hoàn tiền mới | I11: 28000000
A12: Bà trả | B12: 10000000 | F12: 46064 | G12: Sn mẹ | H12: -1004400
A13: Chênh | B13: =SUM(B8:B12)-B7 -> 115825871 | F13: 13/02/2026 | G13: sửa xe oto | H13: -1872720
A14: Trả gốc vay | B14: =18000000+10828125+6000000 -> 34828125 | C14: Gốc cần trả hàng tháng | D14: 19000000 | F14: 15/02/2026 | G14: đổ xăng | H14: -620000
A15: Trả thấu chi | B15: =10000000+50000000+5000000+15997746 -> 80997746 | D15: =B13-B14-B15 -> 0 | F15: 20/02/2026 | G15: đổ xăng | H15: -500000
B16: Sau trả | C16: Đầu kỳ | D16: Dư nợ ban đầu (T10) | E16: Đã trả | F16: 22/02/2026 | G16: đổ xăng | H16: -550000
A17: Vay | B17: =C17+B14 -> -4390083445 | C17: ='01-2026'!B17 -> -4424911570 | D17: -4500000000 | E17: =B17-D17 -> 109916555 | F17: 25/02/2026 | G17: mua bạc | H17: -10638000
A18: Thấu chi | B18: =C18+J2+N2+B15 -> -341158994 | C18: ='01-2026'!B18 -> -392841620 | D18: -172699995 | E18: =B18-D18 -> -168458999 | F18: 46080 | G18: hoantien_overdraft_unsecured | H18: -13000000
A19: Tổng dư nợ | B19: =B18+B17 -> -4731242439 | D19: =SUM(D17:D18) -> -4672699995 | E19: =SUM(E17:E18) -> -58542444 | F19: 46080 | G19: Hoàn tiền trước tết đã ứng tiền mặt | I19: 3500000
F20: 46080 | G20: Xem phim | H20: -345000
F21: 46080 | G21: Đồ cầu lông | H21: -317000
A22: Lãi suất | B22: =4.7/100 -> 0.047 | C22: Ngày vay
A23: Bà vay | B23: 200000000 | C23: 45987

Sheet 01-2026
A1: Gốc lãi vay (lãi đến hạn) | B1: 18275671 | C1: 24 | D1: 14 | F1: Ngày | G1: Nội dung | H1: Chi thấu chi tạm | I1: Hoàn thấu chi tạm | J1: Tồn | K1: Chi khác Nội dung | L1: Số tiền | M1: Thấu chi nợ Nội dung | N1: Số tiền
A2: Lãi thấu chi 600tr | B2: 1674696 | H2: =Sum(H3:H13) -> -40654696 | I2: =Sum(I3:I12) -> 34834696 | J2: =I2+H2 -> -5820000 | K2: Tổng | L2: =SUM(L3:Z10) -> -3180300 | M2: Tổng | N2: =SUM(N3:N33) -> 0
A3: Lãi thấu chi có ts | F3: 02/01/2026 | G3: Gửi xe ô tô | H3: -4500000 | J3: 04/01/2026 | K3: chichung_Mua sữa | L3: -502300
F4: 05/01/2026 | G4: Ứng trả lãi | H4: -1674696 | J4: 16/01/2026 | K4: chichung_Xem phim | L4: -289000
F5: 08/01/2026 | G5: Tiêu | H5: -160000 | J5: 18/01/2026 | K5: chichung_Xăng | L5: -560000
A6: Chi khác | B6: =-L2 -> 3180300 | F6: 09/01/2026 | G6: Rút để phong bì | H6: -5000000 | J6: 19/01/2026 | K6: chichung_sạc | L6: -229000
B7: =B6+SUM(B1:B3) -> 23130667 | F7: 07/01/2026 | G7: Ứng thưởng + bà trả | I7: 16000000 | J7: 25/01/2026 | K7: xăng | L7: -600000
A8: Từ vợ | F8: 19/01/2026 | G8: Hoàn tiền phong bì | I8: 5000000 | J8: 46045 | K8: Mua sâm biếu các cụ | L8: -1000000
A9: Từ trọ Xh | B9: 6000000 | F9: 15/01/2026 | G9: ungtien_Ứng lương | I9: 12000000
A10: Lương | B10: 19000000 | F10: 26/01/2026 | G10: hoantien_overdraft_unsecured | H10: -28000000
A11: Thưởng | B11: =18000000+11000000 -> 29000000 | F11: 26/01/2026 | G11: trả tiền ứng trả lãi | I11: 1674696
A12: Bà trả | B12: 5000000 | F12: 26/01/2026 | G12: Trả tiền tiêu vặt | I12: 160000
A13: Chênh | B13: =SUM(B8:B12)-B7 -> 35869333 | F13: 29/01/2026 | G13: Mạng hà nội | H13: -1320000
A14: Trả gốc vay (01/01 18tr + 1tr 26/01, 6tr từ trọ) | B14: 25000000 | C14: Gốc cần trả hàng tháng | D14: 19000000
A15: Trả thấu chi | B15: 10869333 | D15: =B13-B14-B15 -> 0
B16: Sau trả | C16: Đầu kỳ | D16: Dư nợ ban đầu (T10) | E16: Đã trả
A17: Vay | B17: =C17+B14 -> -4424911570 | C17: ='12-2025'!B17 -> -4449911570 | D17: -4500000000 | E17: =B17-D17 -> 75088430
A18: Thấu chi | B18: =C18+J2+N2+B15 -> -392841620 | C18: ='12-2025'!B18 -> -397890953 | D18: -172699995 | E18: =B18-D18 -> -220141625
A19: Tổng dư nợ | B19: =B18+B17 -> -4817753190 | D19: =SUM(D17:D18) -> -4672699995 | E19: =SUM(E17:E18) -> -145053195
A22: Lãi suất | B22: =4.7/100 -> 0.047 | C22: Ngày vay
A23: Bà vay | B23: 200000000 | C23: 45987
C24: =B24+B18 -> -392841620

Sheet 12-2025
A1: Gốc lãi vay (lãi đến hạn) | B1: 16688348 | C1: 12 | D1: 2025 | F1: Ngày | G1: Nội dung | H1: Chi thấu chi tạm | I1: Hoàn thấu chi tạm | J1: Tồn | K1: Chi khác Nội dung | L1: Số tiền | M1: Thấu chi nợ Nội dung | N1: Số tiền
A2: Lãi thấu chi 600tr | B2: 960404 | H2: =SUM(H3:H100) -> -30169500 | I2: =SUM(I3:I100) -> 132409500 | J2: =I2+H2 -> 102240000 | K2: Tổng | L2: =SUM(L3:L33) -> -508200 | M2: Tổng | N2: =SUM(N3:N33) -> 0
A3: Lãi thấu chi có ts | F3: =ROW()-2&"/"&$C$1&"/"&$D$1 -> 1/12/2025 | G3: Tiền gạo Tuấn Tùng | I3: 400000
F4: =ROW()-2&"/"&$C$1&"/"&$D$1 -> 2/12/2025
F5: =ROW()-2&"/"&$C$1&"/"&$D$1 -> 3/12/2025
A6: Chi khác | B6: =-L2 -> 508200 | F6: =ROW()-2&"/"&$C$1&"/"&$D$1 -> 4/12/2025
B7: =B6+SUM(B1:B3) -> 18156952 | F7: =ROW()-2&"/"&$C$1&"/"&$D$1 -> 5/12/2025 | G7: Ứng từ tiền bà gửi, trích trước lương 4tr | I7: 1000000
A8: Từ vợ | B8: 12000000 | F8: =ROW()-2&"/"&$C$1&"/"&$D$1 -> 6/12/2025
A9: Từ trọ Xh | B9: 10000000 | F9: =ROW()-2&"/"&$C$1&"/"&$D$1 -> 7/12/2025
A10: Lương | B10: 19000000 | F10: =ROW()-2&"/"&$C$1&"/"&$D$1 -> 8/12/2025 | K10: Bảo hiểm TNDS ô tô | L10: -508200
A11: Thưởng | F11: =ROW()-2&"/"&$C$1&"/"&$D$1 -> 9/12/2025
A12: Bà trả | B12: 5000000 | F12: =ROW()-2&"/"&$C$1&"/"&$D$1 -> 10/12/2025
A13: Chênh | B13: =SUM(B8:B12)-B7 -> 27843048 | F13: =ROW()-2&"/"&$C$1&"/"&$D$1 -> 11/12/2025
A14: Trả gốc vay | B14: =19000000+88430 -> 19088430 | C14: 19000000 | F14: =ROW()-2&"/"&$C$1&"/"&$D$1 -> 12/12/2025 | G14: Chú trả | I14: 120000000
A15: Trả thấu chi | B15: 8754618 | D15: =B13-B14-B15 -> 0 | F15: =ROW()-2&"/"&$C$1&"/"&$D$1 -> 13/12/2025
B16: Sau trả | C16: Đầu kỳ | D16: Dư nợ ban đầu (T10) | E16: Đã trả | F16: =ROW()-2&"/"&$C$1&"/"&$D$1 -> 14/12/2025
A17: Vay | B17: =C17+B14 -> -4449911570 | C17: {=INDIRECT("'"&C1-1&"-"&D1&"'!b17")} -> -4469000000 | D17: -4500000000 | E17: =B17-D17 -> 50088430 | F17: =ROW()-2&"/"&$C$1&"/"&$D$1 -> 15/12/2025 | G17: Ứng lương | I17: 10700000
A18: Thấu chi | B18: =C18+J2+N2+B15 -> -397890953 | C18: {=INDIRECT("'"&C1-1&"-"&D1&"'!b18")} -> -508885571 | D18: -172699995 | E18: =B18-D18 -> -225190958 | F18: =ROW()-2&"/"&$C$1&"/"&$D$1 -> 16/12/2025
A19: Tổng dư nợ | B19: =B18+B17 -> -4847802523 | D19: =SUM(D17:D18) -> -4672699995 | E19: =SUM(E17:E18) -> -175102528 | F19: =ROW()-2&"/"&$C$1&"/"&$D$1 -> 17/12/2025
F20: =ROW()-2&"/"&$C$1&"/"&$D$1 -> 18/12/2025
F21: =ROW()-2&"/"&$C$1&"/"&$D$1 -> 19/12/2025
A22: Lãi suất | B22: =4.7/100 -> 0.047 | C22: Ngày vay | D22: Ngày trả | E22: Lãi | F22: =ROW()-2&"/"&$C$1&"/"&$D$1 -> 20/12/2025 | G22: Vé xe | H22: -400000
A23: Bà vay | B23: 200000000 | C23: 45987 | D23: =TODAY() -> 46088 | F23: =ROW()-2&"/"&$C$1&"/"&$D$1 -> 21/12/2025 | G23: Vé xe + thanh toán tiền thông tắc | H23: =-400000-2500000 -> -2900000
A24: Chú vay | B24: 120000000 | C24: 45987 | D24: 46003 | E24: =B24*B22*(D24-C24)/365 -> 247232.88 | F24: =ROW()-2&"/"&$C$1&"/"&$D$1 -> 22/12/2025 | G24: Mua thuốc | H24: -239500
F25: =ROW()-2&"/"&$C$1&"/"&$D$1 -> 23/12/2025
F26: =ROW()-2&"/"&$C$1&"/"&$D$1 -> 24/12/2025 | G26: Cafe | H26: -70000
F27: =ROW()-3&"/"&$C$1&"/"&$D$1 -> 24/12/2025 | G27: Mua chỉ | H27: -14860000
F28: =ROW()-3&"/"&$C$1&"/"&$D$1 -> 25/12/2025 | G28: Hoàng lương + tiền bà | H28: -11700000
F29: =ROW()-4&"/"&$C$1&"/"&$D$1 -> 25/12/2025 | G29: Trả tiền lặt vặt | I29: 309500
F30: =ROW()-4&"/"&$C$1&"/"&$D$1 -> 26/12/2025
F31: =ROW()-4&"/"&$C$1&"/"&$D$1 -> 27/12/2025
F32: =ROW()-4&"/"&$C$1&"/"&$D$1 -> 28/12/2025
F33: =ROW()-4&"/"&$C$1&"/"&$D$1 -> 29/12/2025
F34: =ROW()-4&"/"&$C$1&"/"&$D$1 -> 30/12/2025
F35: =ROW()-4&"/"&$C$1&"/"&$D$1 -> 31/12/2025

Sheet 11-2025
A1: Gốc lãi vay | B1: 20232148 | C1: 11 | D1: 2025 | F1: Ngày | G1: Nội dung | H1: Chi thấu chi tạm | I1: Hoàn thấu chi tạm | J1: Tồn | K1: Chi khác Nội dung | L1: Số tiền | M1: Thấu chi nợ Nội dung | N1: Số tiền
A2: Lãi thấu chi 600tr | B2: 365257 | H2: =SUM(H3:H33) -> -745900148 | I2: =SUM(I3:I33) -> 425900148 | J2: =I2+H2 -> -320000000 | K2: Tổng | L2: =SUM(L3:L33) -> -2901019 | M2: Tổng | N2: =SUM(N3:N33) -> -15684000
A3: Lãi thấu chi có ts | F3: =ROW()-2&"/"&$C$1&"/"&$D$1 -> 1/11/2025 | H3: -1000000 | I3: 1000000
F4: =ROW()-2&"/"&$C$1&"/"&$D$1 -> 2/11/2025
F5: =ROW()-2&"/"&$C$1&"/"&$D$1 -> 3/11/2025 | K5: Bảo dưỡng ô tô | L5: -2301019 | M5: Điện thoại | N5: -15684000
A6: Chi khác | B6: =-L2 -> 2901019 | F6: =ROW()-2&"/"&$C$1&"/"&$D$1 -> 4/11/2025
B7: =B6+SUM(B1:B3) -> 23498424 | F7: =ROW()-2&"/"&$C$1&"/"&$D$1 -> 5/11/2025
A8: Từ vợ | F8: =ROW()-2&"/"&$C$1&"/"&$D$1 -> 6/11/2025
A9: Từ trọ Xh | B9: 12000000 | F9: =ROW()-2&"/"&$C$1&"/"&$D$1 -> 7/11/2025
A10: Lương | B10: 19000000 | F10: =ROW()-2&"/"&$C$1&"/"&$D$1 -> 8/11/2025
A11: Thưởng | B11: 10000000 | F11: =ROW()-2&"/"&$C$1&"/"&$D$1 -> 9/11/2025
A12: Bà trả | B12: 5000000 | F12: =ROW()-2&"/"&$C$1&"/"&$D$1 -> 10/11/2025
A13: Chênh | B13: =SUM(B8:B12)-B7 -> 22501576 | F13: =ROW()-2&"/"&$C$1&"/"&$D$1 -> 11/11/2025 | G13: Chú vay đặt cọc | H13: -100000000 | I13: 100000000
A14: Trả gốc vay | B14: 22000000 | F14: =ROW()-2&"/"&$C$1&"/"&$D$1 -> 12/11/2025 | G14: Bà trả, tạm ứng thấu chi | I14: 5000000
A15: Trả thấu chi | B15: 501576 | C15: =B13-B14-B15 -> 0 | F15: =ROW()-2&"/"&$C$1&"/"&$D$1 -> 13/11/2025
B16: Sau trả | C16: Đầu kỳ | D16: Dư nợ ban đầu (T10) | E16: Đã trả | F16: =ROW()-2&"/"&$C$1&"/"&$D$1 -> 14/11/2025 | G16: Ứng lương | I16: 9000000
A17: Vay | B17: =C17+B14 -> -4469000000 | C17: {=INDIRECT("'"&C1-1&"-"&D1&"'!b17")} -> -4491000000 | D17: -4500000000 | E17: =B17-D17 -> 31000000 | F17: =ROW()-2&"/"&$C$1&"/"&$D$1 -> 15/11/2025 | G17: Quà 20/11 | H17: -1668000
A18: Thấu chi | B18: =C18+J2+N2-B15 -> -508885571 | C18: {=INDIRECT("'"&C1-1&"-"&D1&"'!b18")} -> -172699995 | D18: -172699995 | E18: =B18-D18 -> -336185576 | F18: =ROW()-2&"/"&$C$1&"/"&$D$1 -> 16/11/2025
A19: Tổng dư nợ | B19: =B18+B17 -> -4977885571 | D19: =SUM(D17:D18) -> -4672699995 | E19: =SUM(E17:E18) -> -305185576 | F19: =ROW()-2&"/"&$C$1&"/"&$D$1 -> 17/11/2025
F20: =ROW()-2&"/"&$C$1&"/"&$D$1 -> 18/11/2025
F21: =ROW()-2&"/"&$C$1&"/"&$D$1 -> 19/11/2025 | G21: Hoàn quà 20/11 | I21: 1668000
F22: =ROW()-2&"/"&$C$1&"/"&$D$1 -> 20/11/2025 | G22: Vợ cho vay | I22: 100000000
F23: =ROW()-2&"/"&$C$1&"/"&$D$1 -> 21/11/2025 | G23: Trả nợ 100tr, bà gửi 200tr | H23: -100000000 | I23: 200000000
F24: =ROW()-2&"/"&$C$1&"/"&$D$1 -> 22/11/2025
F25: =ROW()-2&"/"&$C$1&"/"&$D$1 -> 23/11/2025
F26: =ROW()-2&"/"&$C$1&"/"&$D$1 -> 24/11/2025
F27: =ROW()-2&"/"&$C$1&"/"&$D$1 -> 25/11/2025 | G27: Ứng tiền để trả lãi | H27: -20232148 | J27: =H27+I14+I16 -> -6232148 | K27: Xăng | L27: -600000
F28: =ROW()-2&"/"&$C$1&"/"&$D$1 -> 26/11/2025 | G28: Chuyển cho bà 200tr tiền vay lâu dài, 100 triệu tiền vay ngắn hạn, 200tr bà chuyển hôm trước | H28: -500000000
F29: =ROW()-2&"/"&$C$1&"/"&$D$1 -> 27/11/2025 | G29: Ứng tiền bồi dưỡng NH | H29: -3000000 | I29: 3000000
F30: =ROW()-2&"/"&$C$1&"/"&$D$1 -> 28/11/2025 | G30: Cho chú vay duy trì số dư | H30: -20000000
F31: =ROW()-2&"/"&$C$1&"/"&$D$1 -> 29/11/2025 | G31: Hoàn tiền ứng trả lãi, bù trừ phần tiền bà ứng và ứng lương kỳ 1 | I31: =-J27 -> 6232148
F32: =ROW()-2&"/"&$C$1&"/"&$D$1 -> 30/11/2025
F33: =ROW()-2&"/"&$C$1&"/"&$D$1 -> 31/11/2025

Sheet 10-2025
A1: Gốc lãi vay | B1: =6756049 -> 6756049 | E1: 45908 | F1: Bà ck
A2: Lãi thấu chi 600tr | B2: 0 | E2: 45915 | F2: Ứng lương
A3: Lãi thấu chi 3ty2 | B3: 9318464 | E3: 45925 | F3: Trả nợ lãi vay
E4: 45925 | F4: Trả nợ lãi vay
A5: Lãi vay nóng | E5: 45928 | F5: Trả lãi thấu chi
A6: Công chứng | E6: 45897 | F6: Ck lãi của bà T8
A7: xăng | E7: 45897 | F7: Hoàn thưởng
A8: vetc
B9: =SUM(B1:B8) -> 16074513 | E9: 45930 | F9: Hoàn lương
A10: Lương | B10: 20000000 | G10: =SUM(G1:G9) -> 0 | H10: =SUM(H1:H9) -> 0 | I10: =G10+H10 -> 0
A11: Thưởng
A12: Bà trả | B12: 5000000
B13: =SUM(B10:B12)-B9 -> 8925487
A14: Trả gốc vay | B14: 9000000
A15: Trả thấu chi
A16: Dư nợ hiện tại | B16: -4500000000
A17: Dư nợ sau khi trả | B17: =B16+B14 -> -4491000000
A18: Thấu chi | B18: -172699995

Sheet 09-2025
A1: Gốc lãi vay | B1: =6564625+4800000 -> 11364625 | E1: 45908 | F1: Bà ck | G1: 13300000
A2: Lãi thấu chi 600tr | B2: 0 | E2: 45915 | F2: Ứng lương | G2: 11000000
A3: Lãi thấu chi 3ty2 | B3: =11849148+139742 -> 11988890 | E3: 45925 | F3: Trả nợ lãi vay | H3: -11364625
E4: 45925 | F4: Trả nợ lãi vay
A5: Sửa bồn rửa | E5: 45928 | F5: Trả lãi thấu chi | H5: =-B3 -> -11988890
A6: Lõi lọc nước | E6: 45897 | F6: Ck lãi của bà T8
A7: xăng | E7: 45897 | F7: Hoàn thưởng
A8: vetc
B9: =SUM(B1:B8) -> 23353515 | E9: 45930 | F9: Hoàn lương
A10: Lương | B10: 17000000 | G10: =SUM(G1:G9) -> 24300000 | H10: =SUM(H1:H9) -> -23353515 | I10: =G10+H10 -> 946485
A11: Thưởng
A12: Bà trả | B12: 13300000
B13: =SUM(B10:B12)-B9 -> 6946485
A14: Trả thấu chi
A16: Hoàn | B16: =B13-B14 -> 6946485

Sheet 08-2025
A1: Gốc lãi vay | B1: =4193546+6583245+606454 -> 11383245 | E1: 45883 | F1: Bà trả | G1: 14000000
A2: Lãi thấu chi 600tr | B2: 0 | E2: 45884 | F2: Ứng lương | G2: 7000000
A3: Lãi thấu chi 3ty2 | B3: 12006649 | E3: 45895 | F3: Trả nợ lãi vay | H3: -11383245
E4: 45897 | F4: Trả lãi thấu chi | H4: -12006649
A5: Sửa bồn rửa | B5: 700000 | E5: 45897 | F5: Ck lãi của bà T8 | H5: -3781918
A6: Lõi lọc nước | B6: 670000 | E6: 45897 | F6: Hoàn thưởng | G6: 6000000
A7: xăng | B7: 1200000
A8: vetc | B8: 1000000
B9: =SUM(B1:B8) -> 26959894 | E9: 45900 | F9: Hoàn lương
A10: Lương | B10: 17000000 | G10: =SUM(G1:G9) -> 27000000 | H10: =SUM(H1:H9) -> -27171812 | I10: =G10+H10 -> -171812
A11: Thưởng | B11: =14000000-3000000 -> 11000000
A12: Bà trả | B12: 14000000
B13: =SUM(B10:B12)-B9 -> 15040106
A14: Trả thấu chi
A16: Hoàn | B16: =B13-B14 -> 15040106

Sheet 07-2025
A1: Gốc lãi vay | B1: 11189425
A2: Lãi thấu chi 600tr | B2: 0
A3: Lãi thấu chi 3ty2 | B3: =9804000+1690684 -> 11494684
A5: Mạng Hà Nội | B5: 1320000
A6: Gửi xe ô tô | B6: 4500000
B7: =SUM(B1:B6) -> 28504109
A8: Lương | B8: 17000000
A9: Thưởng
A10: Bà trả | B10: 14400000
B11: =B8-B7+B9+B10 -> 2895891
A12: Trả thấu chi
A14: Hoàn | B14: =B11-B12 -> 2895891

Sheet 06-2025
A1: Gốc lãi vay | B1: =6407967+4800000 -> 11207967
A2: Lãi thấu chi 600tr | B2: 0
A3: Lãi thấu chi 3ty2 | B3: 11532757
A5: Bảo hiểm thấu chi 600tr | B5: 2000000
B6: =SUM(B1:B5) -> 24740724
A7: Lương | B7: 17000000
A8: Thưởng | B8: =11000000+25000000 -> 36000000
A9: Bà trả | B9: 10600000
B10: =B7-B6+B8+B9 -> 38859276
A11: Trả thấu chi
A13: Hoàn | B13: =B10-B11 -> 38859276

Sheet 05-2025
A1: Gốc lãi vay | B1: 11440727
A2: Lãi thấu chi 600tr | B2: 0
A3: Lãi thấu chi 3ty2 | B3: 10431000
A5: Bảo dưỡng máy giặt | B5: 500000
B6: =SUM(B1:B5) -> 22371727
A7: Lương | B7: 17000000
A8: Thưởng | B8: 9000000
A9: Sâm + gốc lãi | B9: 11000000
B10: =B7-B6+B8+B9 -> 14628273
A11: Trả thấu chi
A13: Hoàn | B13: =B10-B11 -> 14628273

Sheet 04-2025
A1: Gốc lãi vay | B1: 11459886
A2: Lãi thấu chi 300tr | B2: =1146575+211296 -> 1357871
A3: Lãi thấu chi 3ty2 | B3: =50000+12179313 -> 12229313
A4: Tiền thiệp cưới | B4: 1070000
A5: Lò vi sóng | B5: 1890000
B6: =SUM(B1:B5) -> 28007070
A7: Lương | B7: 17000000
A8: Thưởng | B8: 12070000
A9: Bảo hiểm + gốc lãi | B9: 11000000
B10: =B7-B6+B8+B9 -> 12062930
A11: Trả thấu chi | B11: 5000000
A12: Thêm giờ
A13: Hoàn | B13: =B10-B11 -> 7062930

Sheet 03-2025
A1: Gốc lãi vay | B1: =4800000+6032689 -> 10832689
A2: Lãi thấu chi 300tr | B2: 733961 | E2: ky 1 | F2: 6000000
A3: Lãi thấu chi 3ty2 | B3: =9510842+1420504 -> 10931346 | E3: rut tra | F3: 11000000
B4: =SUM(B1:B3) -> 22497996
A5: Lương | B5: 17000000
A6: quyết toán | B6: 13600303
B7: =B5-B4+B6 -> 8102307
A8: Thêm giờ
A9: Hoàn | B9: =B8+B7 -> 8102307

Sheet 02-2025
A1: Gốc lãi vay | B1: 9553567 | E1: lẩu | F1: 445000
A2: Lãi thấu chi 300tr | B2: 849852 | F2: 670000
A3: Lãi thấu chi 3ty2 | B3: 5651859 | F3: 40000
B4: =SUM(B1:B3) -> 16055278 | F4: 286000
A5: Lương | B5: 17000000 | F5: 120000
B6: =B5-B4 -> 944722 | F6: 100000
A7: Thêm giờ | F7: 277000
A8: Hoàn | B8: =B7+B6 -> 944722 | F8: 127000
F9: 600000
F10: 85000
F11: 100000

Sheet 01-2025
A1: Gốc lãi vay | B1: 13466955 | D1: Máy bơm | E1: 700000 | G1: phở | H1: 80000
A2: Lãi thấu chi 300tr | B2: 1542796 | G2: tiền quà thắp hơn | H2: =55000*2 -> 110000
A3: Lãi thấu chi 3ty2 | B3: 9373388 | D3: Quỹ công đoàn | E3: 500000 | G3: bún bò | H3: 191000
B4: =SUM(B1:B3) -> 24383139 | D4: Quỹ nhóm | E4: 1000000
A5: Lương | B5: 17000000 | D5: tiền quà tết | E5: 760000 | G5: Tiền sửa nước | H5: 500000
B6: =B5-B4 -> -7383139 | D6: Tiền xe về quê | E6: 400000
A7: Thêm giờ
A8: Hoàn | B8: =B7+B6 -> -7383139 | E8: =SUM(E1:E6) -> 3360000
H11: =SUM(H1:H10) -> 881000

Sheet 12-2024 
A1: Gốc lãi vay | B1: 11319221 | D1: Xăng | E1: 1000000
A2: Lãi thấu chi 300tr | B2: 1158904 | D2: Gửi xe | E2: 4500000
A3: Lãi thấu chi 3ty2 | B3: 7485855
B4: =SUM(B1:B3) -> 19963980
A5: Lương | B5: 17000000
B6: =B5-B4 -> -2963980
A7: Thêm giờ | B7: =1352380+1469566 -> 2821946
A8: Hoàn | B8: =B7+B6 -> -142034

Sheet 11-2024
A1: Gốc lãi vay | B1: 11555690
A2: Lãi thấu chi 300tr | B2: 1197534
A3: Lãi thấu chi 3ty2 | B3: 7889982
B4: =SUM(B1:B3) -> 20643206
A5: Lương | B5: 17000000
B6: =B5-B4 -> -3643206
A7: Tạm ứng | B7: 12000000
A8: Hoàn | B8: =B7+B6 -> 8356794

Sheet 10-2024
A1: Gốc lãi vay | B1: 11356307 | D1: Đi muộn | E1: 28/10 | F1: 20000
A2: Lãi thấu chi 300tr | B2: 1158034
A3: Lãi thấu chi 1ty8 | B3: =1540556+464049 -> 2004605
A4: Lãi thấu chi 3ty2 | B4: =69323+1143168 -> 1212491
A5: xăng | B5: 700000
B6: =SUM(B1:B5) -> 16431437
A7: Lương | B7: 17000000
B8: =B7-B6-SUM(F:F) -> 548563

Sheet Sheet1
A1: tạm ứng gốc lãi | B1: 5000000
A2: 20/10 | B2: 700000
A3: tạm ứng gốc lãi lần 2 | B3: 1200000
A4: 29/10 cơm trưa vs đội a Tú | B4: 100000
A5: Hải Hà trả vay | B5: 10000000
B6: =SUM(B1:B5) -> 17000000
